traffic_source,First-Touch,Last-Touch,Linear,Time-Decay
direct,15.690994200465305,15.250251335620629,17.83303226052684,14.966648787342255
email,3.7821302155420753,3.862404114785254,13.979711170072617,5.081735891032008
organic,29.53122079057965,29.20091131629381,18.32060965924996,29.845475837654828
paid_search,26.994107425899553,25.629697834163213,18.29352739933529,25.47597231452446
referral,3.4116093914353463,5.772633147575614,13.490383278239335,5.057107649665315
social,20.589937976078062,20.28410225156148,18.082736232575964,19.57305951978114
