traffic_source,First-Touch,Last-Touch,Linear,Time-Decay
direct,40070.98,38945.43,45541.22383333333,38221.17812055728
email,9658.64,9863.64,35700.77966666667,12977.516571179873
organic,75415.55,74572.02,46786.37783333333,76218.08090055155
paid_search,68936.38,65452.01,46717.21633333333,65059.43243963411
referral,8712.42,14741.9,34451.155333333336,12914.622037243285
social,52581.69,51800.659999999996,46178.907,49984.82993083391
